group,color_index_tab20
A*01:124 | TRAV3*01-TRAJ6*01|TRBV5-1*01-TRBJ1-1*01,0
A*01:379N | TRAV3*01-TRAJ6*01|TRBV5-1*01-TRBJ1-1*01,1
A*02:1078N | TRAV12-2*01-TRAJ24*02|TRBV6-5*01-TRBJ2-7*01,2
A*02:1078N | TRAV12-2*01-TRAJ27*01|TRBV30*02-TRBJ2-2*01,3
A*02:1078N | TRAV12-2*01-TRAJ30*01|TRBV7-9*01-TRBJ2-7*01,4
A*02:1078N | TRAV12-2*01-TRAJ49*01|TRBV19*01-TRBJ2-7*01,5
A*02:1078N | TRAV21*01-TRAJ6*01|TRBV6-5*01-TRBJ2-2*01,6
A*02:1078N | TRAV8-1*01-TRAJ29*01|TRBV19*01-TRBJ2-1*01,7
A*02:1208N | TRAV12-2*01-TRAJ23*01|TRBV6-4*01-TRBJ1-1*01,8
A*02:1208N | TRAV12-2*01-TRAJ24*02|TRBV6-5*01-TRBJ2-7*01,9
A*02:1208N | TRAV12-2*01-TRAJ27*01|TRBV30*02-TRBJ2-2*01,10
A*02:1208N | TRAV12-2*01-TRAJ41*01|TRBV5-6*01-TRBJ2-7*01,11
A*02:1208N | TRAV12-2*01-TRAJ5*01|TRBV6-2*01-TRBJ2-3*01,12
A*02:1208N | TRAV12-3*01-TRAJ12*01|TRBV12-4*01-TRBJ2-4*01,13
A*02:1208N | TRAV21*01-TRAJ6*01|TRBV6-5*01-TRBJ2-2*01,14
A*02:1208N | TRAV22*01-TRAJ40*01|TRBV6-5*01-TRBJ1-1*01,15
A*02:1208N | TRAV27*01-TRAJ42*01|TRBV19*01-TRBJ2-7*01,16
A*02:1208N | TRAV35*01-TRAJ49*01|TRBV10-3*01-TRBJ1-5*01,17
A*02:613 | TRAV12-2*01-TRAJ23*01|TRBV6-4*01-TRBJ1-1*01,18
A*03:336N | TRAV21*01-TRAJ39*01|TRBV6-6*01-TRBJ1-2*01,19
A*03:336N | TRAV21*01-TRAJ42*01|TRBV9*01-TRBJ2-1*01,20
A*11:210N | TRAV19*01-TRAJ28*01|TRBV6-2*01-TRBJ1-6*01,21
A*11:210N | TRAV21*01-TRAJ39*01|TRBV6-6*01-TRBJ1-2*01,22
A*11:210N | TRAV21*01-TRAJ42*01|TRBV9*01-TRBJ2-1*01,23
A*24:02 | TRAV8-3*01-TRAJ10*01|TRBV7-9*03-TRBJ2-5*01,24
A*24:430N | TRAV21*01-TRAJ12*01|TRBV7-9*01-TRBJ2-2*01,25
A*24:430N | TRAV5*01-TRAJ37*01|TRBV7-9*03-TRBJ2-7*01,26
A*24:430N | TRAV8-3*01-TRAJ10*01|TRBV7-9*03-TRBJ2-5*01,27
B*08:19N | TRAV26-2*01-TRAJ52*01|TRBV7-8*01-TRBJ2-7*01,28
B*27:05 | TRAV21*01-TRAJ18*01|TRBV9*01-TRBJ2-3*01,29
B*27:05 | TRAV21*01-TRAJ21*01|TRBV9*01-TRBJ2-3*01,30
B*27:21 | TRAV1-2*01-TRAJ33*01|TRBV6-1*01-TRBJ2-2*01,31
B*35:01 | TRAV1-1*01-TRAJ9*01|TRBV7-8*01-TRBJ2-5*01,32
B*35:01 | TRAV13-1*01-TRAJ28*01|TRBV20-1*01-TRBJ2-3*01,33
B*35:08 | TRAV20*01-TRAJ18*01|TRBV9*01-TRBJ2-2*01,34
B*35:448N | TRAV1-1*01-TRAJ9*01|TRBV7-8*01-TRBJ2-5*01,35
B*35:448N | TRAV13-1*01-TRAJ28*01|TRBV20-1*01-TRBJ2-3*01,36
B*35:448N | TRAV20*01-TRAJ18*01|TRBV9*01-TRBJ2-2*01,37
B*44:05 | TRAV26-2*01-TRAJ52*01|TRBV7-8*01-TRBJ2-7*01,38
C*05:105 | TRAV1-2*01-TRAJ33*01|TRBV6-1*01-TRBJ2-2*01,39
C*05:239N | TRAV4*01-TRAJ15*01|TRBV5-6*01-TRBJ1-2*01,40
C*08:52N | TRAV4*01-TRAJ15*01|TRBV5-6*01-TRBJ1-2*01,41
DQA1*01:133Q | TRAV13-1*01-TRAJ48*01|TRBV7-3*01-TRBJ2-3*01,42
DQA1*03:53 | TRAV26-1*01-TRAJ39*01|TRBV5-1*01-TRBJ2-5*01,43
DQA1*03:88N | TRAV26-1*01-TRAJ39*01|TRBV5-1*01-TRBJ2-5*01,44
DQA1*05:59 | TRAV26-1*01-TRAJ54*01|TRBV7-2*01-TRBJ2-3*01,45
DQA1*05:59 | TRAV4*01-TRAJ43*01|TRBV29-1*01-TRBJ2-2*01,46
DQA1*05:84N | TRAV26-1*01-TRAJ54*01|TRBV7-2*01-TRBJ2-3*01,47
DQA1*05:84N | TRAV4*01-TRAJ43*01|TRBV29-1*01-TRBJ2-2*01,48
DRA*01:02 | TRAV22*01-TRAJ54*01|TRBV6-6*01-TRBJ1-3*01,49
DRA*01:02 | TRAV24*01-TRAJ17*01|TRBV2*01-TRBJ2-1*01,50
DRA*01:02 | TRAV26-2*01-TRAJ32*01|TRBV20-1*01-TRBJ1-6*01,51
DRA*01:04 | TRAV26-2*01-TRAJ32*01|TRBV20-1*01-TRBJ1-6*01,52
DRA*01:05 | TRAV8-4*01-TRAJ48*01|TRBV28*01-TRBJ1-2*01,53
DRA*01:11 | TRAV22*01-TRAJ54*01|TRBV6-6*01-TRBJ1-3*01,54
DRA*01:11 | TRAV24*01-TRAJ17*01|TRBV2*01-TRBJ2-1*01,55
E*01:06 | TRAV12-2*01-TRAJ39*01|TRBV6-5*01-TRBJ1-1*01,56
E*01:133 | TRAV21*01-TRAJ15*01|TRBV6-5*01-TRBJ2-1*01,57
E*01:151 | TRAV21*01-TRAJ15*01|TRBV6-5*01-TRBJ2-1*01,58
E*01:17 | TRAV21*01-TRAJ15*01|TRBV6-5*01-TRBJ2-1*01,59
Other,60
